0c086ed1-35cf-4470-b3b5-80f17dc77ba5	apex-staging.cloudcache.ai	apex-staging.cloudcache.ai	self_hosted	2025-10-11T05:19:16Z
8cd6606e-f012-41fa-a544-25618752f351	admin-staging.cloudcache.ai	admin-staging.cloudcache.ai	self_hosted	2025-10-11T05:19:06Z
b43fd919-366c-4fcc-8380-ec6f4cbf7e82	app-staging.cloudcache.ai	app-staging.cloudcache.ai	self_hosted	2025-10-11T05:18:52Z
12c8139c-573c-4666-b828-86c2fb3dc1d3	staging.cloudcache.ai	staging.cloudcache.ai	self_hosted	2025-10-11T03:34:04Z
68203b41-3685-4fab-86f6-ef8d19ce1abc	staging.admin.cloudcache.ai	staging.admin.cloudcache.ai	self_hosted	2025-10-11T03:33:55Z
648ced6b-53c2-4232-936f-3bed63904632	staging.app.cloudcache.ai	staging.app.cloudcache.ai	self_hosted	2025-10-11T03:29:16Z
50e7cab7-2ee6-4b56-bfc2-a0f04268af10	cloudcache - Cloudflare Pages	*.cloudcache.pages.dev	self_hosted	2025-09-21T05:14:23Z
59fc7f87-0def-4bf6-b58d-e1c276a92a42	admin-cloudcache - Cloudflare Pages	*.admin-cloudcache.pages.dev	self_hosted	2025-09-21T05:13:29Z
dd198856-ac57-427a-b86e-d61fb876e89f	app-cloudcache - Cloudflare Pages	*.app-cloudcache.pages.dev	self_hosted	2025-09-21T05:12:06Z
67e6d0da-4bfd-4b9a-ac76-5395dcbf054a	apex-cloudcache - Cloudflare Pages	*.apex-cloudcache.pages.dev	self_hosted	2025-09-21T02:57:20Z
